# sequana_variant_calling; {'strand_ratio': 0.0, 'freebayes_score': 0, 'frequency': 0.0, 'forward_depth': 3, 'reverse_depth': 3, 'min_depth': 0}
chr,position,reference,alternative,depth,frequency,strand_balance,freebayes_score,effect_type,mutation_type,effect_impact,gene_name,CDS_position,codon_change,prot_effect,prot_size
JB409847,2221,C,T,36,0.36,0.31,,synonymous_variant,SILENT,LOW,PROKKA_00002,333C>T,taC/taT,Tyr111Tyr,507
JB409847,4571,T,C,22,1.00,0.32,668.995,missense_variant,MISSENSE,MODERATE,PROKKA_00005,224T>C,tTc/tCc,Phe75Ser,335
JB409847,4845,G,A,17,0.88,0.27,376.195,synonymous_variant,SILENT,LOW,PROKKA_00005,498G>A,tcG/tcA,Ser166Ser,335
JB409847,5586,A,C,11,0.27,0.00,9.4401e-15,missense_variant,MISSENSE,MODERATE,PROKKA_00006,151T>G,Tgg/Ggg,Trp51Gly,114
JB409847,6218,T,C,12,1.00,0.42,314.312,stop_lost+splice_region_variant,MISSENSE,HIGH,PROKKA_00008,138A>G,tgA/tgG,Ter46Trpext*?,45
JB409847,6854,A,G,12,1.00,0.42,403.947,missense_variant,MISSENSE,MODERATE,PROKKA_00009,496A>G,Aca/Gca,Thr166Ala,553
JB409847,7027,T,C,19,1.00,0.42,620.54,synonymous_variant,SILENT,LOW,PROKKA_00009,669T>C,agT/agC,Ser223Ser,553
JB409847,7154,G,A,11,1.00,0.45,361.181,missense_variant,MISSENSE,MODERATE,PROKKA_00009,796G>A,Gga/Aga,Gly266Arg,553
JB409847,7452,A,C,18,1.00,0.33,507.823,missense_variant,MISSENSE,MODERATE,PROKKA_00009,1094A>C,tAc/tCc,Tyr365Ser,553
JB409847,8153,C,T,17,1.00,0.35,556.989,intergenic_region,,MODIFIER,,8153C>T,,,
JB409847,8531,A,C,21,1.00,0.29,675.92,missense_variant,MISSENSE,MODERATE,PROKKA_00010,351A>C,ttA/ttC,Leu117Phe,617
JB409847,9295,C,A,11,1.00,0.36,336.015,missense_variant,MISSENSE,MODERATE,PROKKA_00010,1115C>A,aCa/aAa,Thr372Lys,617
JB409847,11135,C,T,14,1.00,0.50,458.278,missense_variant,MISSENSE,MODERATE,PROKKA_00011,992C>T,aCt/aTt,Thr331Ile,2183
JB409847,11529,G,A,11,1.00,0.45,322.53,missense_variant,MISSENSE,MODERATE,PROKKA_00011,1386G>A,atG/atA,Met462Ile,2183
JB409847,13554,G,T,55,0.73,0.00,588.082,synonymous_variant,SILENT,LOW,PROKKA_00011,3411G>T,gcG/gcT,Ala1137Ala,2183
JB409847,13560,T,C,53,0.74,0.00,564.642,synonymous_variant,SILENT,LOW,PROKKA_00011,3417T>C,gcT/gcC,Ala1139Ala,2183
JB409847,13581,GAGG,AAGA,53,0.74,0.00,498.884,synonymous_variant,,LOW,PROKKA_00011,3438_3441delGAGGinsAAGA,gcgagg/gcAAGA,AlaArg1146AlaArg,2183
JB409847,13818,T,C,40,0.45,0.28,110.385,synonymous_variant,SILENT,LOW,PROKKA_00011,3675T>C,ctT/ctC,Leu1225Leu,2183
JB409847,13840,C,A,37,0.41,0.27,2.8072e-06,synonymous_variant,SILENT,LOW,PROKKA_00011,3697C>A,Cga/Aga,Arg1233Arg,2183
JB409847,13857,T,C,43,0.44,0.21,3.35706e-13,synonymous_variant,SILENT,LOW,PROKKA_00011,3714T>C,gcT/gcC,Ala1238Ala,2183
JB409847,13932,T,A,24,1.00,0.25,755.899,synonymous_variant,SILENT,LOW,PROKKA_00011,3789T>A,gcT/gcA,Ala1263Ala,2183
JB409847,14449,T,C,11,1.00,0.45,353.392,synonymous_variant,SILENT,LOW,PROKKA_00011,4306T>C,Tta/Cta,Leu1436Leu,2183
JB409847,14574,C,T,14,0.93,0.46,388.748,synonymous_variant,SILENT,LOW,PROKKA_00011,4431C>T,ctC/ctT,Leu1477Leu,2183
JB409847,14595,T,C,12,0.92,0.36,337.068,synonymous_variant,SILENT,LOW,PROKKA_00011,4452T>C,acT/acC,Thr1484Thr,2183
JB409847,14616,G,A,12,0.92,0.36,342.227,synonymous_variant,SILENT,LOW,PROKKA_00011,4473G>A,gcG/gcA,Ala1491Ala,2183
JB409847,14916,C,T,12,1.00,0.50,372.734,synonymous_variant,SILENT,LOW,PROKKA_00011,4773C>T,ctC/ctT,Leu1591Leu,2183
JB409847,14931,C,T,13,1.00,0.38,402.167,synonymous_variant,SILENT,LOW,PROKKA_00011,4788C>T,gaC/gaT,Asp1596Asp,2183
JB409847,15039,A,G,8,1.00,0.50,245.389,synonymous_variant,SILENT,LOW,PROKKA_00011,4896A>G,agA/agG,Arg1632Arg,2183
JB409847,15069,C,T,13,1.00,0.46,410.081,synonymous_variant,SILENT,LOW,PROKKA_00011,4926C>T,gaC/gaT,Asp1642Asp,2183
JB409847,15089,T,G,17,1.00,0.41,545.128,missense_variant,MISSENSE,MODERATE,PROKKA_00011,4946T>G,aTg/aGg,Met1649Arg,2183
JB409847,15168,G,T,13,1.00,0.46,399.101,synonymous_variant,SILENT,LOW,PROKKA_00011,5025G>T,cgG/cgT,Arg1675Arg,2183
JB409847,15303,C,T,14,1.00,0.29,429.204,synonymous_variant,SILENT,LOW,PROKKA_00011,5160C>T,ccC/ccT,Pro1720Pro,2183
JB409847,15375,CAA,TAG,19,1.00,0.47,585.396,missense_variant,,MODERATE,PROKKA_00011,5232_5234delCAAinsTAG,ggcaat/ggTAGt,GlyAsn1744GlySer,2183
JB409847,15420,G,A,51,0.39,0.30,5.34069e-12,synonymous_variant,SILENT,LOW,PROKKA_00011,5277G>A,ttG/ttA,Leu1759Leu,2183
JB409847,15678,A,G,38,0.58,0.05,5.91324,synonymous_variant,SILENT,LOW,PROKKA_00011,5535A>G,aaA/aaG,Lys1845Lys,2183
JB409847,15721,G,A,41,0.54,0.00,0.00716156,missense_variant,MISSENSE,MODERATE,PROKKA_00011,5578G>A,Gta/Ata,Val1860Ile,2183
JB409847,15996,C,A,17,1.00,0.41,579.563,synonymous_variant,SILENT,LOW,PROKKA_00011,5853C>A,atC/atA,Ile1951Ile,2183
JB409847,16014,G,A,21,1.00,0.43,706.384,synonymous_variant,SILENT,LOW,PROKKA_00011,5871G>A,ttG/ttA,Leu1957Leu,2183
JB409847,16452,C,T,21,1.00,0.33,696.042,synonymous_variant,SILENT,LOW,PROKKA_00011,6309C>T,ttC/ttT,Phe2103Phe,2183
JB409847,16484,A,G,20,1.00,0.35,624.982,missense_variant,MISSENSE,MODERATE,PROKKA_00011,6341A>G,aAa/aGa,Lys2114Arg,2183
